{"urls": [

  {"url": "https://jihulab.com/xhkw/jk/-/raw/main/xhkw.json","name": "🎯小盒酷玩线路"},    
  
  {"url": "本接口由公众号《小盒酷玩》整理","name": "💗免费接口-禁止贩卖💗"},
  
  {"url": "http://小盒酷玩.fun:66/禁止贩卖","name": "🎯小盒酷玩备用"}, 
  
  {"url": "https://leige9042.tpddns.cn:3000/jk-main/柒汐.json","name": "💌柒汐线路"},
  
  {"url": "https://xzam.cn:65/香雅情/xyq","name": "🌷香雅情线路"},
  
  {"url": "http://rihou.cc:88/荷城茶秀","name": "🍵荷城茶秀"},
  
  {"url": "http://ysc.weixine.net:33/","name": "🚙运输车线路"},
  
  {"url": "https://download.kstore.space/download/3313/mao/ymz","name": "😾夜猫子线路"}
  
  
  ]
  
  }